Workbook

Sheet 總表
A1: 地區 | B1: 村莊 | C1: 名稱 | D1: 貢獻 | E1: 用途 | F1: 用途等級 | G1: 格數 | H1: CP值
A2: 巴雷諾斯自治領 | B2: 貝爾利亞村莊 | C2: 貝爾利亞1號3號室 | D2: 1 | E2: 倉庫 | F2: 2 | G2: 5 | H2: =ROUND(IF(OR(總表!$G2="",總表!$D2=""),"0",(總表!$G2/總表!$D2)),2) -> 5
A3: 巴雷諾斯自治領 | B3: 貝爾利亞村莊 | C3: 巴雷諾斯1-2號,巴特利農場 | D3: 1 | E3: 倉庫 | F3: 2 | G3: 5 | H3: =ROUND(IF(OR(總表!$G3="",總表!$D3=""),"0",(總表!$G3/總表!$D3)),2) -> 5
A4: 巴雷諾斯自治領 | B4: 貝爾利亞村莊 | C4: 巴雷諾斯4-2號,戴爾魯茲農場 | D4: 1 | E4: 倉庫 | F4: 2 | G4: 5 | H4: =ROUND(IF(OR(總表!$G4="",總表!$D4=""),"0",(總表!$G4/總表!$D4)),2) -> 5
A5: 巴雷諾斯自治領 | B5: 貝爾利亞村莊 | C5: 巴雷諾斯3-2號,洛基亞農場 | D5: 1 | E5: 倉庫 | F5: 2 | G5: 5 | H5: =ROUND(IF(OR(總表!$G5="",總表!$D5=""),"0",(總表!$G5/總表!$D5)),2) -> 5
A6: 巴雷諾斯自治領 | B6: 奧爾比亞村莊 | C6: 奧爾比亞2-4號 | D6: 1 | E6: 倉庫 | F6: 2 | G6: 5 | H6: =ROUND(IF(OR(總表!$G6="",總表!$D6=""),"0",(總表!$G6/總表!$D6)),2) -> 5
A7: 巴雷諾斯自治領 | B7: 奧爾比亞村莊 | C7: 奧爾比亞5-2號 | D7: 1 | E7: 倉庫 | F7: 2 | G7: 5 | H7: =ROUND(IF(OR(總表!$G7="",總表!$D7=""),"0",(總表!$G7/總表!$D7)),2) -> 5
A8: 巴雷諾斯自治領 | B8: 奧爾比亞村莊 | C8: 奧爾比亞4-1號 | D8: 1 | E8: 倉庫 | F8: 2 | G8: 5 | H8: =ROUND(IF(OR(總表!$G8="",總表!$D8=""),"0",(總表!$G8/總表!$D8)),2) -> 5
A9: 巴雷諾斯自治領 | B9: 奧爾比亞村莊 | C9: 奧爾比亞7-2號2樓 | D9: 1 | E9: 倉庫 | F9: 2 | G9: 5 | H9: =ROUND(IF(OR(總表!$G9="",總表!$D9=""),"0",(總表!$G9/總表!$D9)),2) -> 5
A10: 巴雷諾斯自治領 | B10: 奧爾比亞村莊 | C10: 奧爾比亞7-3號 | D10: 1 | E10: 倉庫 | F10: 2 | G10: 5 | H10: =ROUND(IF(OR(總表!$G10="",總表!$D10=""),"0",(總表!$G10/總表!$D10)),2) -> 5
A11: 巴雷諾斯自治領 | B11: 貝爾利亞村莊 | C11: 巴雷諾斯6-2號,托斯卡尼農場 | D11: 3 | E11: 倉庫 | F11: 4 | G11: 12 | H11: =ROUND(IF(OR(總表!$G11="",總表!$D11=""),"0",(總表!$G11/總表!$D11)),2) -> 4
A12: 巴雷諾斯自治領 | B12: 伊利亞島 | C12: 伊利亞島2-2號 | D12: 2 | E12: 倉庫 | F12: 3 | G12: 8 | H12: =ROUND(IF(OR(總表!$G12="",總表!$D12=""),"0",(總表!$G12/總表!$D12)),2) -> 4
A13: 巴雷諾斯自治領 | B13: 奧爾比亞村莊 | C13: 奧爾比亞2-5號1樓 | D13: 2 | E13: 倉庫 | F13: 3 | G13: 8 | H13: =ROUND(IF(OR(總表!$G13="",總表!$D13=""),"0",(總表!$G13/總表!$D13)),2) -> 4
... A18: 巴雷諾斯自治領 | B18: 貝爾利亞村莊 | C18: 貝爾利亞3-1號 | D18: 1 | E18: 倉庫 | F18: 1 | G18: 3 | H18: =ROUND(IF(OR(總表!$G18="",總表!$D18=""),"0",(總表!$G18/總表!$D18)),2) -> 3
A19: 巴雷諾斯自治領 | B19: 貝爾利亞村莊 | C19: 貝爾利亞3-1號 | D19: 1 | E19: 殘月家具工坊 | F19: 3 | H19: =ROUND(IF(OR(總表!$G19="",總表!$D19=""),"0",(總表!$G19/總表!$D19)),2) -> 0
A20: 巴雷諾斯自治領 | B20: 貝爾利亞村莊 | C20: 貝爾利亞2-1號 | D20: 1 | E20: 倉庫 | F20: 1 | G20: 3 | H20: =ROUND(IF(OR(總表!$G20="",總表!$D20=""),"0",(總表!$G20/總表!$D20)),2) -> 3
A21: 巴雷諾斯自治領 | B21: 貝爾利亞村莊 | C21: 貝爾利亞1號1號室 | D21: 1 | E21: 倉庫 | F21: 1 | G21: 3 | H21: =ROUND(IF(OR(總表!$G21="",總表!$D21=""),"0",(總表!$G21/總表!$D21)),2) -> 3
A22: 巴雷諾斯自治領 | B22: 貝爾利亞村莊 | C22: 貝爾利亞1號2號室 | D22: 1 | E22: 倉庫 | F22: 1 | G22: 3 | H22: =ROUND(IF(OR(總表!$G22="",總表!$D22=""),"0",(總表!$G22/總表!$D22)),2) -> 3
A23: 巴雷諾斯自治領 | B23: 貝爾利亞村莊 | C23: 巴雷諾斯2-1號,品特農場 | D23: 1 | E23: 倉庫 | F23: 1 | G23: 3 | H23: =ROUND(IF(OR(總表!$G23="",總表!$D23=""),"0",(總表!$G23/總表!$D23)),2) -> 3
A24: 巴雷諾斯自治領 | B24: 伊利亞島 | C24: 雷瑪島1號 | D24: 1 | E24: 倉庫 | F24: 1 | G24: 3 | H24: =ROUND(IF(OR(總表!$G24="",總表!$D24=""),"0",(總表!$G24/總表!$D24)),2) -> 3
A25: 巴雷諾斯自治領 | B25: 伊利亞島 | C25: 伊利亞島1-1號 | D25: 1 | E25: 倉庫 | F25: 1 | G25: 3 | H25: =ROUND(IF(OR(總表!$G25="",總表!$D25=""),"0",(總表!$G25/總表!$D25)),2) -> 3
A26: 巴雷諾斯自治領 | B26: 伊利亞島 | C26: 伊利亞島1-1號 | D26: 1 | E26: 殘月家具工坊 | F26: 3 | H26: =ROUND(IF(OR(總表!$G26="",總表!$D26=""),"0",(總表!$G26/總表!$D26)),2) -> 0
A27: 巴雷諾斯自治領 | B27: 伊利亞島 | C27: 伊利亞島1-2號 | D27: 1 | E27: 倉庫 | F27: 1 | G27: 3 | H27: =ROUND(IF(OR(總表!$G27="",總表!$D27=""),"0",(總表!$G27/總表!$D27)),2) -> 3
A28: 巴雷諾斯自治領 | B28: 伊利亞島 | C28: 伊利亞島4-2號 | D28: 1 | E28: 倉庫 | F28: 1 | G28: 3 | H28: =ROUND(IF(OR(總表!$G28="",總表!$D28=""),"0",(總表!$G28/總表!$D28)),2) -> 3
A29: 巴雷諾斯自治領 | B29: 伊利亞島 | C29: 伊利亞島6-1號 | D29: 1 | E29: 倉庫 | F29: 1 | G29: 3 | H29: =ROUND(IF(OR(總表!$G29="",總表!$D29=""),"0",(總表!$G29/總表!$D29)),2) -> 3
A30: 巴雷諾斯自治領 | B30: 奧爾比亞村莊 | C30: 奧爾比亞1-1號 | D30: 1 | E30: 倉庫 | F30: 1 | G30: 3 | H30: =ROUND(IF(OR(總表!$G30="",總表!$D30=""),"0",(總表!$G30/總表!$D30)),2) -> 3
A31: 巴雷諾斯自治領 | B31: 奧爾比亞村莊 | C31: 奧爾比亞1-2號 | D31: 1 | E31: 倉庫 | F31: 1 | G31: 3 | H31: =ROUND(IF(OR(總表!$G31="",總表!$D31=""),"0",(總表!$G31/總表!$D31)),2) -> 3
A32: 巴雷諾斯自治領 | B32: 奧爾比亞村莊 | C32: 奧爾比亞2-2號 | D32: 1 | E32: 倉庫 | F32: 1 | G32: 3 | H32: =ROUND(IF(OR(總表!$G32="",總表!$D32=""),"0",(總表!$G32/總表!$D32)),2) -> 3
A33: 巴雷諾斯自治領 | B33: 奧爾比亞村莊 | C33: 奧爾比亞2-3號 | D33: 1 | E33: 倉庫 | F33: 1 | G33: 3 | H33: =ROUND(IF(OR(總表!$G33="",總表!$D33=""),"0",(總表!$G33/總表!$D33)),2) -> 3
A34: 巴雷諾斯自治領 | B34: 奧爾比亞村莊 | C34: 奧爾比亞3-1號 | D34: 1 | E34: 倉庫 | F34: 1 | G34: 3 | H34: =ROUND(IF(OR(總表!$G34="",總表!$D34=""),"0",(總表!$G34/總表!$D34)),2) -> 3
A35: 巴雷諾斯自治領 | B35: 奧爾比亞村莊 | C35: 奧爾比亞3-2號 | D35: 1 | E35: 倉庫 | F35: 1 | G35: 3 | H35: =ROUND(IF(OR(總表!$G35="",總表!$D35=""),"0",(總表!$G35/總表!$D35)),2) -> 3
A36: 巴雷諾斯自治領 | B36: 奧爾比亞村莊 | C36: 奧爾比亞5-1號 | D36: 1 | E36: 倉庫 | F36: 1 | G36: 3 | H36: =ROUND(IF(OR(總表!$G36="",總表!$D36=""),"0",(總表!$G36/總表!$D36)),2) -> 3
A37: 巴雷諾斯自治領 | B37: 奧爾比亞村莊 | C37: 奧爾比亞6-1號 | D37: 1 | E37: 倉庫 | F37: 1 | G37: 3 | H37: =ROUND(IF(OR(總表!$G37="",總表!$D37=""),"0",(總表!$G37/總表!$D37)),2) -> 3
A38: 巴雷諾斯自治領 | B38: 奧爾比亞村莊 | C38: 奧爾比亞7-1號 | D38: 1 | E38: 倉庫 | F38: 1 | G38: 3 | H38: =ROUND(IF(OR(總表!$G38="",總表!$D38=""),"0",(總表!$G38/總表!$D38)),2) -> 3
... A83: 巴雷諾斯自治領 | B83: 伊利亞島 | C83: 伊利亞島6-2號 | D83: 2 | E83: 宿舍 | F83: 1 | G83: 1 | H83: =ROUND(IF(OR(總表!$G83="",總表!$D83=""),"0",(總表!$G83/總表!$D83)),2) -> 0.5
A84: 巴雷諾斯自治領 | B84: 貝爾利亞村莊 | C84: 貝爾利亞4號 | D84: 3 | E84: 武器鍛造工坊 | F84: 1 | H84: =ROUND(IF(OR(總表!$G84="",總表!$D84=""),"0",(總表!$G84/總表!$D84)),2) -> 0
A85: 巴雷諾斯自治領 | B85: 貝爾利亞村莊 | C85: 貝爾利亞4號 | D85: 3 | E85: 盔甲鍛造工坊 | F85: 1 | H85: =ROUND(IF(OR(總表!$G85="",總表!$D85=""),"0",(總表!$G85/總表!$D85)),2) -> 0
A86: 巴雷諾斯自治領 | B86: 貝爾利亞村莊 | C86: 貝爾利亞4號 | D86: 3 | E86: 安全性資產管理所 | F86: 1 | H86: =ROUND(IF(OR(總表!$G86="",總表!$D86=""),"0",(總表!$G86/總表!$D86)),2) -> 0
A87: 巴雷諾斯自治領 | B87: 貝爾利亞村莊 | C87: 貝爾利亞4號 | D87: 3 | E87: 居住地 | F87: 1 | H87: =ROUND(IF(OR(總表!$G87="",總表!$D87=""),"0",(總表!$G87/總表!$D87)),2) -> 0
A88: 巴雷諾斯自治領 | B88: 貝爾利亞村莊 | C88: 貝爾利亞2-2號 | D88: 2 | E88: 木工藝工坊 | F88: 1 | H88: =ROUND(IF(OR(總表!$G88="",總表!$D88=""),"0",(總表!$G88/總表!$D88)),2) -> 0
A89: 巴雷諾斯自治領 | B89: 貝爾利亞村莊 | C89: 貝爾利亞2-2號 | D89: 2 | E89: 家具工坊 | F89: 1 | H89: =ROUND(IF(OR(總表!$G89="",總表!$D89=""),"0",(總表!$G89/總表!$D89)),2) -> 0
A90: 巴雷諾斯自治領 | B90: 貝爾利亞村莊 | C90: 貝爾利亞2-2號 | D90: 2 | E90: 居住地 | F90: 1 | H90: =ROUND(IF(OR(總表!$G90="",總表!$D90=""),"0",(總表!$G90/總表!$D90)),2) -> 0
A91: 巴雷諾斯自治領 | B91: 貝爾利亞村莊 | C91: 貝爾利亞5-1號 | D91: 1 | E91: 精鍊廠 | F91: 1 | H91: =ROUND(IF(OR(總表!$G91="",總表!$D91=""),"0",(總表!$G91/總表!$D91)),2) -> 0
A92: 巴雷諾斯自治領 | B92: 貝爾利亞村莊 | C92: 貝爾利亞5-1號 | D92: 1 | E92: 礦物加工廠 | F92: 1 | H92: =ROUND(IF(OR(總表!$G92="",總表!$D92=""),"0",(總表!$G92/總表!$D92)),2) -> 0
A93: 巴雷諾斯自治領 | B93: 貝爾利亞村莊 | C93: 貝爾利亞5-1號 | D93: 1 | E93: 居住地 | F93: 1 | H93: =ROUND(IF(OR(總表!$G93="",總表!$D93=""),"0",(總表!$G93/總表!$D93)),2) -> 0
A94: 巴雷諾斯自治領 | B94: 貝爾利亞村莊 | C94: 貝爾利亞5-2號 | D94: 2 | E94: 手工藝工坊 | F94: 1 | H94: =ROUND(IF(OR(總表!$G94="",總表!$D94=""),"0",(總表!$G94/總表!$D94)),2) -> 0
A95: 巴雷諾斯自治領 | B95: 貝爾利亞村莊 | C95: 貝爾利亞5-2號 | D95: 2 | E95: 蘑菇加工廠 | F95: 1 | H95: =ROUND(IF(OR(總表!$G95="",總表!$D95=""),"0",(總表!$G95/總表!$D95)),2) -> 0
... A237: 巴雷諾斯自治領 | B237: 奧爾比亞村莊 | C237: 維利爾農場2號 | D237: 2 | E237: 居住地 | F237: 1 | H237: =ROUND(IF(OR(總表!$G237="",總表!$D237=""),"0",(總表!$G237/總表!$D237)),2) -> 0
A238: 卡爾佩恩直轄領 | B238: 卡爾佩恩首都 | C238: 工坊區1-1號1號室 | D238: 1 | E238: 倉庫 | F238: 1 | G238: 3 | H238: =ROUND(IF(OR(總表!$G238="",總表!$D238=""),"0",(總表!$G238/總表!$D238)),2) -> 3
A239: 卡爾佩恩直轄領 | B239: 卡爾佩恩首都 | C239: 工坊區1-1號1號室 | D239: 1 | E239: 精鍊廠 | F239: 1 | H239: =ROUND(IF(OR(總表!$G239="",總表!$D239=""),"0",(總表!$G239/總表!$D239)),2) -> 0
A240: 卡爾佩恩直轄領 | B240: 卡爾佩恩首都 | C240: 工坊區1-1號1號室 | D240: 1 | E240: 居住地 | F240: 1 | H240: =ROUND(IF(OR(總表!$G240="",總表!$D240=""),"0",(總表!$G240/總表!$D240)),2) -> 0
A241: 卡爾佩恩直轄領 | B241: 卡爾佩恩首都 | C241: 工坊區1-1號2號室 | D241: 2 | E241: 倉庫 | F241: 2 | G241: 5 | H241: =ROUND(IF(OR(總表!$G241="",總表!$D241=""),"0",(總表!$G241/總表!$D241)),2) -> 2.5
A242: 卡爾佩恩直轄領 | B242: 卡爾佩恩首都 | C242: 工坊區1-1號2號室 | D242: 2 | E242: 武器鍛造工坊 | F242: 1 | H242: =ROUND(IF(OR(總表!$G242="",總表!$D242=""),"0",(總表!$G242/總表!$D242)),2) -> 0
A243: 卡爾佩恩直轄領 | B243: 卡爾佩恩首都 | C243: 工坊區1-1號2號室 | D243: 2 | E243: 攻城武器製作廠 | F243: 1 | H243: =ROUND(IF(OR(總表!$G243="",總表!$D243=""),"0",(總表!$G243/總表!$D243)),2) -> 0
A244: 卡爾佩恩直轄領 | B244: 卡爾佩恩首都 | C244: 工坊區1-1號2號室 | D244: 2 | E244: 礦物加工廠 | F244: 1 | H244: =ROUND(IF(OR(總表!$G244="",總表!$D244=""),"0",(總表!$G244/總表!$D244)),2) -> 0
A245: 卡爾佩恩直轄領 | B245: 卡爾佩恩首都 | C245: 工坊區1-1號2號室 | D245: 2 | E245: 居住地 | F245: 1 | H245: =ROUND(IF(OR(總表!$G245="",總表!$D245=""),"0",(總表!$G245/總表!$D245)),2) -> 0
A246: 卡爾佩恩直轄領 | B246: 卡爾佩恩首都 | C246: 工坊區1-2號1樓 | D246: 2 | E246: 倉庫 | F246: 2 | G246: 5 | H246: =ROUND(IF(OR(總表!$G246="",總表!$D246=""),"0",(總表!$G246/總表!$D246)),2) -> 2.5
A247: 卡爾佩恩直轄領 | B247: 卡爾佩恩首都 | C247: 工坊區1-2號1樓 | D247: 2 | E247: 加工坊 | F247: 1 | H247: =ROUND(IF(OR(總表!$G247="",總表!$D247=""),"0",(總表!$G247/總表!$D247)),2) -> 0
A248: 卡爾佩恩直轄領 | B248: 卡爾佩恩首都 | C248: 工坊區1-2號1樓 | D248: 2 | E248: 工具工坊 | F248: 2 | H248: =ROUND(IF(OR(總表!$G248="",總表!$D248=""),"0",(總表!$G248/總表!$D248)),2) -> 0
A249: 卡爾佩恩直轄領 | B249: 卡爾佩恩首都 | C249: 工坊區1-2號1樓 | D249: 2 | E249: 居住地 | F249: 1 | H249: =ROUND(IF(OR(總表!$G249="",總表!$D249=""),"0",(總表!$G249/總表!$D249)),2) -> 0
A250: 卡爾佩恩直轄領 | B250: 卡爾佩恩首都 | C250: 工坊區1-2號地下 | D250: 1 | E250: 倉庫 | F250: 1 | G250: 3 | H250: =ROUND(IF(OR(總表!$G250="",總表!$D250=""),"0",(總表!$G250/總表!$D250)),2) -> 3
A251: 卡爾佩恩直轄領 | B251: 卡爾佩恩首都 | C251: 工坊區1-2號地下 | D251: 1 | E251: 精鍊廠 | F251: 1 | H251: =ROUND(IF(OR(總表!$G251="",總表!$D251=""),"0",(總表!$G251/總表!$D251)),2) -> 0
A252: 卡爾佩恩直轄領 | B252: 卡爾佩恩首都 | C252: 工坊區1-2號地下 | D252: 1 | E252: 木材加工廠 | F252: 1 | H252: =ROUND(IF(OR(總表!$G252="",總表!$D252=""),"0",(總表!$G252/總表!$D252)),2) -> 0
A253: 卡爾佩恩直轄領 | B253: 卡爾佩恩首都 | C253: 工坊區1-2號地下 | D253: 1 | E253: 居住地 | F253: 1 | H253: =ROUND(IF(OR(總表!$G253="",總表!$D253=""),"0",(總表!$G253/總表!$D253)),2) -> 0
A254: 卡爾佩恩直轄領 | B254: 卡爾佩恩首都 | C254: 工坊區1-3號 | D254: 2 | E254: 倉庫 | F254: 2 | G254: 5 | H254: =ROUND(IF(OR(總表!$G254="",總表!$D254=""),"0",(總表!$G254/總表!$D254)),2) -> 2.5
A255: 卡爾佩恩直轄領 | B255: 卡爾佩恩首都 | C255: 工坊區1-3號 | D255: 2 | E255: 馬具製作工坊 | F255: 1 | H255: =ROUND(IF(OR(總表!$G255="",總表!$D255=""),"0",(總表!$G255/總表!$D255)),2) -> 0
A256: 卡爾佩恩直轄領 | B256: 卡爾佩恩首都 | C256: 工坊區1-3號 | D256: 2 | E256: 家具工坊 | F256: 2 | H256: =ROUND(IF(OR(總表!$G256="",總表!$D256=""),"0",(總表!$G256/總表!$D256)),2) -> 0
A257: 卡爾佩恩直轄領 | B257: 卡爾佩恩首都 | C257: 工坊區1-3號 | D257: 2 | E257: 居住地 | F257: 1 | H257: =ROUND(IF(OR(總表!$G257="",總表!$D257=""),"0",(總表!$G257/總表!$D257)),2) -> 0
A258: 卡爾佩恩直轄領 | B258: 卡爾佩恩首都 | C258: 工坊區1-3號 | D258: 2 | E258: 殘月家具工坊 | F258: 3 | H258: =ROUND(IF(OR(總表!$G258="",總表!$D258=""),"0",(總表!$G258/總表!$D258)),2) -> 0
A259: 卡爾佩恩直轄領 | B259: 卡爾佩恩首都 | C259: 工坊區1-4號1樓 | D259: 3 | E259: 倉庫 | F259: 3 | G259: 8 | H259: =ROUND(IF(OR(總表!$G259="",總表!$D259=""),"0",(總表!$G259/總表!$D259)),2) -> 2.67
A260: 卡爾佩恩直轄領 | B260: 卡爾佩恩首都 | C260: 工坊區1-4號1樓 | D260: 3 | E260: 手工藝工坊 | F260: 2 | H260: =ROUND(IF(OR(總表!$G260="",總表!$D260=""),"0",(總表!$G260/總表!$D260)),2) -> 0
A261: 卡爾佩恩直轄領 | B261: 卡爾佩恩首都 | C261: 工坊區1-4號1樓 | D261: 3 | E261: 工具工坊 | F261: 3 | H261: =ROUND(IF(OR(總表!$G261="",總表!$D261=""),"0",(總表!$G261/總表!$D261)),2) -> 0
A262: 卡爾佩恩直轄領 | B262: 卡爾佩恩首都 | C262: 工坊區1-4號1樓 | D262: 3 | E262: 居住地 | F262: 1 | H262: =ROUND(IF(OR(總表!$G262="",總表!$D262=""),"0",(總表!$G262/總表!$D262)),2) -> 0
A263: 卡爾佩恩直轄領 | B263: 卡爾佩恩首都 | C263: 工坊區1-4號2樓 | D263: 1 | E263: 倉庫 | F263: 3 | G263: 8 | H263: =ROUND(IF(OR(總表!$G263="",總表!$D263=""),"0",(總表!$G263/總表!$D263)),2) -> 8
A264: 卡爾佩恩直轄領 | B264: 卡爾佩恩首都 | C264: 工坊區1-4號2樓 | D264: 1 | E264: 盔甲鍛造工坊 | F264: 3 | H264: =ROUND(IF(OR(總表!$G264="",總表!$D264=""),"0",(總表!$G264/總表!$D264)),2) -> 0
A265: 卡爾佩恩直轄領 | B265: 卡爾佩恩首都 | C265: 工坊區1-4號2樓 | D265: 1 | E265: 居住地 | F265: 1 | H265: =ROUND(IF(OR(總表!$G265="",總表!$D265=""),"0",(總表!$G265/總表!$D265)),2) -> 0
A266: 卡爾佩恩直轄領 | B266: 卡爾佩恩首都 | C266: 工坊區1-5號1樓 | D266: 2 | E266: 倉庫 | F266: 3 | G266: 8 | H266: =ROUND(IF(OR(總表!$G266="",總表!$D266=""),"0",(總表!$G266/總表!$D266)),2) -> 4
A267: 卡爾佩恩直轄領 | B267: 卡爾佩恩首都 | C267: 工坊區1-5號1樓 | D267: 2 | E267: 木工藝工坊 | F267: 3 | H267: =ROUND(IF(OR(總表!$G267="",總表!$D267=""),"0",(總表!$G267/總表!$D267)),2) -> 0
A268: 卡爾佩恩直轄領 | B268: 卡爾佩恩首都 | C268: 工坊區1-5號1樓 | D268: 2 | E268: 木材加工廠 | F268: 1 | H268: =ROUND(IF(OR(總表!$G268="",總表!$D268=""),"0",(總表!$G268/總表!$D268)),2) -> 0
A269: 卡爾佩恩直轄領 | B269: 卡爾佩恩首都 | C269: 工坊區1-5號1樓 | D269: 2 | E269: 居住地 | F269: 1 | H269: =ROUND(IF(OR(總表!$G269="",總表!$D269=""),"0",(總表!$G269/總表!$D269)),2) -> 0
A270: 卡爾佩恩直轄領 | B270: 卡爾佩恩首都 | C270: 工坊區1-5號2樓 | D270: 3 | E270: 倉庫 | F270: 4 | G270: 12 | H270: =ROUND(IF(OR(總表!$G270="",總表!$D270=""),"0",(總表!$G270/總表!$D270)),2) -> 4
A271: 卡爾佩恩直轄領 | B271: 卡爾佩恩首都 | C271: 工坊區1-5號2樓 | D271: 3 | E271: 手工藝工坊 | F271: 3 | H271: =ROUND(IF(OR(總表!$G271="",總表!$D271=""),"0",(總表!$G271/總表!$D271)),2) -> 0
A272: 卡爾佩恩直轄領 | B272: 卡爾佩恩首都 | C272: 工坊區1-5號2樓 | D272: 3 | E272: 加工坊 | F272: 3 | H272: =ROUND(IF(OR(總表!$G272="",總表!$D272=""),"0",(總表!$G272/總表!$D272)),2) -> 0
A273: 卡爾佩恩直轄領 | B273: 卡爾佩恩首都 | C273: 工坊區1-5號2樓 | D273: 3 | E273: 居住地 | F273: 1 | H273: =ROUND(IF(OR(總表!$G273="",總表!$D273=""),"0",(總表!$G273/總表!$D273)),2) -> 0
A274: 卡爾佩恩直轄領 | B274: 卡爾佩恩首都 | C274: 工坊區1-6號1樓 | D274: 4 | E274: 倉庫 | F274: 5 | G274: 16 | H274: =ROUND(IF(OR(總表!$G274="",總表!$D274=""),"0",(總表!$G274/總表!$D274)),2) -> 4
A275: 卡爾佩恩直轄領 | B275: 卡爾佩恩首都 | C275: 工坊區1-6號1樓 | D275: 4 | E275: 馬車製作廠 | F275: 3 | H275: =ROUND(IF(OR(總表!$G275="",總表!$D275=""),"0",(總表!$G275/總表!$D275)),2) -> 0
A276: 卡爾佩恩直轄領 | B276: 卡爾佩恩首都 | C276: 工坊區1-6號1樓 | D276: 4 | E276: 居住地 | F276: 1 | H276: =ROUND(IF(OR(總表!$G276="",總表!$D276=""),"0",(總表!$G276/總表!$D276)),2) -> 0
A277: 卡爾佩恩直轄領 | B277: 卡爾佩恩首都 | C277: 工坊區2-1號1樓 | D277: 1 | E277: 倉庫 | F277: 1 | G277: 3 | H277: =ROUND(IF(OR(總表!$G277="",總表!$D277=""),"0",(總表!$G277/總表!$D277)),2) -> 3
A278: 卡爾佩恩直轄領 | B278: 卡爾佩恩首都 | C278: 工坊區2-1號1樓 | D278: 1 | E278: 精鍊廠 | F278: 1 | H278: =ROUND(IF(OR(總表!$G278="",總表!$D278=""),"0",(總表!$G278/總表!$D278)),2) -> 0
A279: 卡爾佩恩直轄領 | B279: 卡爾佩恩首都 | C279: 工坊區2-1號1樓 | D279: 1 | E279: 居住地 | F279: 1 | H279: =ROUND(IF(OR(總表!$G279="",總表!$D279=""),"0",(總表!$G279/總表!$D279)),2) -> 0
A280: 卡爾佩恩直轄領 | B280: 卡爾佩恩首都 | C280: 工坊區2-1號2樓 | D280: 2 | E280: 倉庫 | F280: 2 | G280: 5 | H280: =ROUND(IF(OR(總表!$G280="",總表!$D280=""),"0",(總表!$G280/總表!$D280)),2) -> 2.5
A281: 卡爾佩恩直轄領 | B281: 卡爾佩恩首都 | C281: 工坊區2-1號2樓 | D281: 2 | E281: 盔甲鍛造工坊 | F281: 1 | H281: =ROUND(IF(OR(總表!$G281="",總表!$D281=""),"0",(總表!$G281/總表!$D281)),2) -> 0
A282: 卡爾佩恩直轄領 | B282: 卡爾佩恩首都 | C282: 工坊區2-1號2樓 | D282: 2 | E282: 礦物加工廠 | F282: 1 | H282: =ROUND(IF(OR(總表!$G282="",總表!$D282=""),"0",(總表!$G282/總表!$D282)),2) -> 0
A283: 卡爾佩恩直轄領 | B283: 卡爾佩恩首都 | C283: 工坊區2-1號2樓 | D283: 2 | E283: 居住地 | F283: 1 | H283: =ROUND(IF(OR(總表!$G283="",總表!$D283=""),"0",(總表!$G283/總表!$D283)),2) -> 0
A284: 卡爾佩恩直轄領 | B284: 卡爾佩恩首都 | C284: 工坊區2-2號1樓 | D284: 1 | E284: 倉庫 | F284: 1 | G284: 3 | H284: =ROUND(IF(OR(總表!$G284="",總表!$D284=""),"0",(總表!$G284/總表!$D284)),2) -> 3
A285: 卡爾佩恩直轄領 | B285: 卡爾佩恩首都 | C285: 工坊區2-2號1樓 | D285: 1 | E285: 精鍊廠 | F285: 1 | H285: =ROUND(IF(OR(總表!$G285="",總表!$D285=""),"0",(總表!$G285/總表!$D285)),2) -> 0
A286: 卡爾佩恩直轄領 | B286: 卡爾佩恩首都 | C286: 工坊區2-2號1樓 | D286: 1 | E286: 木材加工廠 | F286: 1 | H286: =ROUND(IF(OR(總表!$G286="",總表!$D286=""),"0",(總表!$G286/總表!$D286)),2) -> 0
A287: 卡爾佩恩直轄領 | B287: 卡爾佩恩首都 | C287: 工坊區2-2號1樓 | D287: 1 | E287: 居住地 | F287: 1 | H287: =ROUND(IF(OR(總表!$G287="",總表!$D287=""),"0",(總表!$G287/總表!$D287)),2) -> 0
A288: 卡爾佩恩直轄領 | B288: 卡爾佩恩首都 | C288: 工坊區2-2號2樓 | D288: 2 | E288: 倉庫 | F288: 2 | G288: 5 | H288: =ROUND(IF(OR(總表!$G288="",總表!$D288=""),"0",(總表!$G288/總表!$D288)),2) -> 2.5
A289: 卡爾佩恩直轄領 | B289: 卡爾佩恩首都 | C289: 工坊區2-2號2樓 | D289: 2 | E289: 木工藝工坊 | F289: 2 | H289: =ROUND(IF(OR(總表!$G289="",總表!$D289=""),"0",(總表!$G289/總表!$D289)),2) -> 0
...
